--
select * from admins;

-- INSERT INTO transactions (id, username, buy_stock, buy_quantity, buy_total, sell_stock, sell_quantity, sell_total, trade_date, closing_Price, net_profit, purchase_fee, selling_fee, purchase_tax, selling_tax, purchase_total, selling_total, standard_fee, base_tax, trade_total)
-- VALUES (1, '제갈수', '삼성전자', '15', '1017000', ' ', ' ', ' ', '2024-05-20', '67800', '152550', '15255', ' ', ' ', ' ', '15255', ' ', '0.015', '0.2','1017000');
-- INSERT INTO transactions (id, username, buy_stock, buy_quantity, buy_total, sell_stock, sell_quantity, sell_total, trade_date, closing_Price, net_profit, purchase_fee, selling_fee, purchase_tax, selling_tax, purchase_total, selling_total, standard_fee, base_tax, trade_total)
-- VALUES (2, '제갈수', ' ', ' ', '0 ', 'SK하이닉스', '8', '900000', '2024-05-21', '112500', '135000', ' ', '13500', ' ', '180000', ' ', '193500', '0.015', '0.2', '900000');
-- INSERT INTO transactions (id, username, buy_stock, buy_quantity, buy_total, sell_stock, sell_quantity, sell_total, trade_date, closing_Price, net_profit, purchase_fee, selling_fee, purchase_tax, selling_tax, purchase_total, selling_total, standard_fee, base_tax, trade_total)
-- VALUES (3, '제갈수', 'DB하이텍', '20', '880000', ' ', ' ', ' ', '2024-05-22', '44000', '132000', '13200', ' ', ' ', ' ', '13200', ' ', '0.015', '0.2', '880000');
-- INSERT INTO transactions (id, username, buy_stock, buy_quantity, buy_total, sell_stock, sell_quantity, sell_total, trade_date, closing_Price, net_profit, purchase_fee, selling_fee, purchase_tax, selling_tax, purchase_total, selling_total, standard_fee, base_tax, trade_total)
-- VALUES (4, '제갈수', ' ', ' ', ' ', '네페스', '30', '1005000', '2024-05-23', '33500', '150750', ' ', '15075', ' ', '201000', ' ', '216075', '0.015', '0.2', '1005000');
-- INSERT INTO transactions (id, username, buy_stock, buy_quantity, buy_total, sell_stock, sell_quantity, sell_total, trade_date, closing_Price, net_profit, purchase_fee, selling_fee, purchase_tax, selling_tax, purchase_total, selling_total, standard_fee, base_tax, trade_total)
-- VALUES(5, '제갈수', '후성', '60', '792000', ' ', ' ', ' ', '2024-05-24', '13200', '118800', '11880', ' ', ' ', ' ', '11880', ' ', '0.015', '0.2', '792000');
-- INSERT INTO transactions (id, username, buy_stock, buy_quantity, buy_total, sell_stock, sell_quantity, sell_total, trade_date, closing_Price, net_profit, purchase_fee, selling_fee, purchase_tax, selling_tax, purchase_total, selling_total, standard_fee, base_tax, trade_total)
-- VALUES(6, '제갈수', ' ', ' ', ' ', 'LG전자', '5', '570000', '2024-05-27', '114000', '85500', ' ', '8550', ' ', '114000', ' ', '122550', '0.015', '0.2', '570000');
-- INSERT INTO transactions (id, username, buy_stock, buy_quantity, buy_total, sell_stock, sell_quantity, sell_total, trade_date, closing_Price, net_profit, purchase_fee, selling_fee, purchase_tax, selling_tax, purchase_total, selling_total, standard_fee, base_tax, trade_total)
-- VALUES(7, '제갈수', 'LS일렉트릭', '10', '540000', ' ', ' ', ' ', '2024-05-28', '54000', '81000', '8100', ' ', ' ', ' ', '8100', ' ', '0.015', '0.2', '540000');
-- INSERT INTO transactions (id, username, buy_stock, buy_quantity, buy_total, sell_stock, sell_quantity, sell_total, trade_date, closing_Price, net_profit, purchase_fee, selling_fee, purchase_tax, selling_tax, purchase_total, selling_total, standard_fee, base_tax, trade_total)
-- VALUES(8, '제갈수', ' ', ' ', ' ', 'SK 시그넷', '7', '539000', '2024-05-29', '77000', '80850', ' ', '8085', ' ', '107800', ' ', '115885', '0.015', '0.2', '539000');
-- INSERT INTO transactions (id, username, buy_stock, buy_quantity, buy_total, sell_stock, sell_quantity, sell_total, trade_date, closing_Price, net_profit, purchase_fee, selling_fee, purchase_tax, selling_tax, purchase_total, selling_total, standard_fee, base_tax, trade_total)
-- VALUES(9, '제갈수', '모트렉스', '20', '476000', ' ', ' ', ' ', '2024-05-30', '23800', '71400', '7140', ' ', ' ', ' ', '7140', ' ', '0.015', '0.2', '476000');
-- INSERT INTO transactions (id, username, buy_stock, buy_quantity, buy_total, sell_stock, sell_quantity, sell_total, trade_date, closing_Price, net_profit, purchase_fee, selling_fee, purchase_tax, selling_tax, purchase_total, selling_total, standard_fee, base_tax, trade_total)
-- VALUES(10, '제갈수', ' ', ' ', ' ', '원익피앤이', '25', '710000', '2024-05-31', '28400', '106500', ' ', '10650', ' ', '142000', ' ', '152650', '0.015', '0.2', '710000');
-- INSERT INTO transactions (id, username, buy_stock, buy_quantity, buy_total, sell_stock, sell_quantity, sell_total, trade_date, closing_Price, net_profit, purchase_fee, selling_fee, purchase_tax, selling_tax, purchase_total, selling_total, standard_fee, base_tax, trade_total)
-- VALUES(11, '김현주', '삼성전자', '5', '339000', ' ', ' ', ' ', '2024-05-20', '67800', '50850', '5085', ' ', ' ', ' ', '5085', ' ', '0.015', '0.2', '339000');
-- INSERT INTO transactions (id, username, buy_stock, buy_quantity, buy_total, sell_stock, sell_quantity, sell_total, trade_date, closing_Price, net_profit, purchase_fee, selling_fee, purchase_tax, selling_tax, purchase_total, selling_total, standard_fee, base_tax, trade_total)
-- VALUES(12, '김현주', ' ', ' ', ' ', 'SK하이닉스', '3', '337500', '2024-05-21', '112500', '50630', ' ', '5062.5', ' ', '67500', ' ', '72562.5', '0.015', '0.2', '337500');
-- INSERT INTO transactions (id, username, buy_stock, buy_quantity, buy_total, sell_stock, sell_quantity, sell_total, trade_date, closing_Price, net_profit, purchase_fee, selling_fee, purchase_tax, selling_tax, purchase_total, selling_total, standard_fee, base_tax, trade_total)
-- VALUES(13, '김현주', 'DB하이텍', '15', '660000', ' ', ' ', ' ', '2024-05-22', '44000', '99000', '9900', ' ', ' ', ' ', '9900', ' ', '0.015', '0.2', '660000');
-- INSERT INTO transactions (id, username, buy_stock, buy_quantity, buy_total, sell_stock, sell_quantity, sell_total, trade_date, closing_Price, net_profit, purchase_fee, selling_fee, purchase_tax, selling_tax, purchase_total, selling_total, standard_fee, base_tax, trade_total)
-- VALUES(14, '김현주', ' ', ' ', ' ', '네페스', '20', '670000', '2024-05-23', '33500', '100500', ' ', '10050', ' ', '134000', ' ', '144050', '0.015', '0.2', '670000');
-- INSERT INTO transactions (id, username, buy_stock, buy_quantity, buy_total, sell_stock, sell_quantity, sell_total, trade_date, closing_Price, net_profit, purchase_fee, selling_fee, purchase_tax, selling_tax, purchase_total, selling_total, standard_fee, base_tax, trade_total)
-- VALUES(15, '김현주', '후성', '80', '1056000', ' ', ' ', ' ', '2024-05-24', '13200', '158400', '15840', ' ', ' ', ' ', '15840', ' ', '0.015', '0.2', '1056000');
-- INSERT INTO transactions (id, username, buy_stock, buy_quantity, buy_total, sell_stock, sell_quantity, sell_total, trade_date, closing_Price, net_profit, purchase_fee, selling_fee, purchase_tax, selling_tax, purchase_total, selling_total, standard_fee, base_tax, trade_total)
-- VALUES(16, '김현주', ' ', ' ', ' ', 'LG전자', '4', '456000', '2024-05-27', '114000', '68400', ' ', '6840', ' ', '91200', ' ', '98040', '0.015', '0.2', '456000');
-- INSERT INTO transactions (id, username, buy_stock, buy_quantity, buy_total, sell_stock, sell_quantity, sell_total, trade_date, closing_Price, net_profit, purchase_fee, selling_fee, purchase_tax, selling_tax, purchase_total, selling_total, standard_fee, base_tax, trade_total)
-- VALUES(17, '김현주', 'LS일렉트릭', '5', '270000', ' ', ' ', ' ', '2024-05-28', '54000', '40500', '4050', ' ', ' ', ' ', '4050', ' ', '0.015', '0.2', '270000');
-- INSERT INTO transactions (id, username, buy_stock, buy_quantity, buy_total, sell_stock, sell_quantity, sell_total, trade_date, closing_Price, net_profit, purchase_fee, selling_fee, purchase_tax, selling_tax, purchase_total, selling_total, standard_fee, base_tax, trade_total)
-- VALUES(18, '김현주', ' ', ' ', ' ', 'SK 시그넷', '10', '770000', '2024-05-29', '77000', '115500', ' ', '11550', ' ', '154000', ' ', '165550', '0.015', '0.2', '770000');
-- INSERT INTO transactions (id, username, buy_stock, buy_quantity, buy_total, sell_stock, sell_quantity, sell_total, trade_date, closing_Price, net_profit, purchase_fee, selling_fee, purchase_tax, selling_tax, purchase_total, selling_total, standard_fee, base_tax, trade_total)
-- VALUES(19, '김현주', '모트렉스', '30', '714000', ' ', ' ', ' ', '2024-05-30', '23800', '107100', '10710', ' ', ' ', ' ', '10710', ' ', '0.015', '0.2', '714000');
-- INSERT INTO transactions (id, username, buy_stock, buy_quantity, buy_total, sell_stock, sell_quantity, sell_total, trade_date, closing_Price, net_profit, purchase_fee, selling_fee, purchase_tax, selling_tax, purchase_total, selling_total, standard_fee, base_tax, trade_total)
-- VALUES(20, '김현주', ' ', ' ', ' ', '원익피앤이', '40', '1136000', '2024-05-31', '28400', '170400', ' ', '17040', ' ', '227200', ' ', '244240', '0.015', '0.2', '1136000');
-- INSERT INTO transactions (id, username, buy_stock, buy_quantity, buy_total, sell_stock, sell_quantity, sell_total, trade_date, closing_Price, net_profit, purchase_fee, selling_fee, purchase_tax, selling_tax, purchase_total, selling_total, standard_fee, base_tax, trade_total)
-- VALUES(21, '배광호', '삼성전자', '12', '813600', ' ', ' ', ' ', '2024-05-20', '67800', '122040', '12204', ' ', ' ', ' ', '12204', ' ', '0.015', '0.2', '813600');
-- INSERT INTO transactions (id, username, buy_stock, buy_quantity, buy_total, sell_stock, sell_quantity, sell_total, trade_date, closing_Price, net_profit, purchase_fee, selling_fee, purchase_tax, selling_tax, purchase_total, selling_total, standard_fee, base_tax, trade_total)
-- VALUES(22, '배광호', ' ', ' ', ' ', 'SK하이닉스', '6', '675000', '2024-05-21', '112500', '101250', ' ', '10125', ' ', '135000', ' ', '145125', '0.015', '0.2', '675000');
-- INSERT INTO transactions (id, username, buy_stock, buy_quantity, buy_total, sell_stock, sell_quantity, sell_total, trade_date, closing_Price, net_profit, purchase_fee, selling_fee, purchase_tax, selling_tax, purchase_total, selling_total, standard_fee, base_tax, trade_total)
-- VALUES(23, '배광호', 'DB하이텍', '18', '792000', ' ', ' ', ' ', '2024-05-22', '44000', '118800', '11880', ' ', ' ', ' ', '11880', ' ', '0.015', '0.2', '792000');
-- INSERT INTO transactions (id, username, buy_stock, buy_quantity, buy_total, sell_stock, sell_quantity, sell_total, trade_date, closing_Price, net_profit, purchase_fee, selling_fee, purchase_tax, selling_tax, purchase_total, selling_total, standard_fee, base_tax, trade_total)
-- VALUES(24, '배광호', ' ', ' ', ' ', '네페스', '22', '737000', '2024-05-23', '33500', '110550', ' ', '11055', ' ', '147400', ' ', '158455', '0.015', '0.2', '737000');
-- INSERT INTO transactions (id, username, buy_stock, buy_quantity, buy_total, sell_stock, sell_quantity, sell_total, trade_date, closing_Price, net_profit, purchase_fee, selling_fee, purchase_tax, selling_tax, purchase_total, selling_total, standard_fee, base_tax, trade_total)
-- VALUES(25, '배광호', '후성', '70', '924000', ' ', ' ', ' ', '2024-05-24', '13200', '138600', '13860', ' ', ' ', ' ', '13860', ' ', '0.015', '0.2', '924000');
-- INSERT INTO transactions (id, username, buy_stock, buy_quantity, buy_total, sell_stock, sell_quantity, sell_total, trade_date, closing_Price, net_profit, purchase_fee, selling_fee, purchase_tax, selling_tax, purchase_total, selling_total, standard_fee, base_tax, trade_total)
-- VALUES(26, '배광호', ' ', ' ', ' ', 'LG전자', '3', '342000', '2024-05-27', '114000', '51300', ' ', '5130', ' ', '68400', ' ', '73530', '0.015', '0.2', '648000');
-- INSERT INTO transactions (id, username, buy_stock, buy_quantity, buy_total, sell_stock, sell_quantity, sell_total, trade_date, closing_Price, net_profit, purchase_fee, selling_fee, purchase_tax, selling_tax, purchase_total, selling_total, standard_fee, base_tax, trade_total)
-- VALUES(27, '배광호', 'LS일렉트릭', '12', '648000', ' ', ' ', ' ', '2024-05-28', '54000', '97200', '9720', ' ', ' ', ' ', '9720', ' ', '0.015', '0.2', '616000');
-- INSERT INTO transactions (id, username, buy_stock, buy_quantity, buy_total, sell_stock, sell_quantity, sell_total, trade_date, closing_Price, net_profit, purchase_fee, selling_fee, purchase_tax, selling_tax, purchase_total, selling_total, standard_fee, base_tax, trade_total)
-- VALUES(28, '배광호', ' ', ' ', ' ', 'SK 시그넷', '8', '616000', '2024-05-29', '77000', '92400', ' ', '9240', ' ', '123200', ' ', '132440', '0.015', '0.2', '595000');
-- INSERT INTO transactions (id, username, buy_stock, buy_quantity, buy_total, sell_stock, sell_quantity, sell_total, trade_date, closing_Price, net_profit, purchase_fee, selling_fee, purchase_tax, selling_tax, purchase_total, selling_total, standard_fee, base_tax, trade_total)
-- VALUES(29, '배광호', '모트렉스', '25', '595000', ' ', ' ', ' ', '2024-05-30', '23800', '89250', '8925', ' ', ' ', ' ', '8925', ' ', '0.015', '0.2', '795200');
-- INSERT INTO transactions (id, username, buy_stock, buy_quantity, buy_total, sell_stock, sell_quantity, sell_total, trade_date, closing_Price, net_profit, purchase_fee, selling_fee, purchase_tax, selling_tax, purchase_total, selling_total, standard_fee, base_tax, trade_total)
-- VALUES(30, '배광호', ' ', ' ', ' ', '원익피앤이', '28', '795200', '2024-05-31', '28400', '119280', ' ', '11928', ' ', '159040', ' ', '170968', '0.015', '0.2', '678000');
-- INSERT INTO transactions (id, username, buy_stock, buy_quantity, buy_total, sell_stock, sell_quantity, sell_total, trade_date, closing_Price, net_profit, purchase_fee, selling_fee, purchase_tax, selling_tax, purchase_total, selling_total, standard_fee, base_tax, trade_total)
-- VALUES(31, '허진', '삼성전자', '10', '678000', ' ', ' ', ' ', '2024-05-20', '67800', '101700', '10170', ' ', ' ', ' ', '10170', ' ', '0.015', '0.2', '562500');
-- INSERT INTO transactions (id, username, buy_stock, buy_quantity, buy_total, sell_stock, sell_quantity, sell_total, trade_date, closing_Price, net_profit, purchase_fee, selling_fee, purchase_tax, selling_tax, purchase_total, selling_total, standard_fee, base_tax, trade_total)
-- VALUES(32, '허진', ' ', ' ', ' ', 'SK하이닉스', '5', '562500', '2024-05-21', '112500', '84380', ' ', '8437.5', ' ', '112500', ' ', '120937.5', '0.015', '0.2', '880000');
-- INSERT INTO transactions (id, username, buy_stock, buy_quantity, buy_total, sell_stock, sell_quantity, sell_total, trade_date, closing_Price, net_profit, purchase_fee, selling_fee, purchase_tax, selling_tax, purchase_total, selling_total, standard_fee, base_tax, trade_total)
-- VALUES(33, '허진', 'DB하이텍', '20', '880000', ' ', ' ', ' ', '2024-05-22', '44000', '132000', '13200', ' ', ' ', ' ', '13200', ' ', '0.015', '0.2', '1005000');
-- INSERT INTO transactions (id, username, buy_stock, buy_quantity, buy_total, sell_stock, sell_quantity, sell_total, trade_date, closing_Price, net_profit, purchase_fee, selling_fee, purchase_tax, selling_tax, purchase_total, selling_total, standard_fee, base_tax, trade_total)
-- VALUES(34, '허진', ' ', ' ', ' ', '네페스', '30', '1005000', '2024-05-23', '33500', '150750', ' ', '15075', ' ', '201000', ' ', '216075', '0.015', '0.2', '792000');
-- INSERT INTO transactions (id, username, buy_stock, buy_quantity, buy_total, sell_stock, sell_quantity, sell_total, trade_date, closing_Price, net_profit, purchase_fee, selling_fee, purchase_tax, selling_tax, purchase_total, selling_total, standard_fee, base_tax, trade_total)
-- VALUES(35, '허진', '후성', '60', '792000', ' ', ' ', ' ', '2024-05-24', '13200', '118800', '11880', ' ', ' ', ' ', '11880', ' ', '0.015', '0.2', '570000');
-- INSERT INTO transactions (id, username, buy_stock, buy_quantity, buy_total, sell_stock, sell_quantity, sell_total, trade_date, closing_Price, net_profit, purchase_fee, selling_fee, purchase_tax, selling_tax, purchase_total, selling_total, standard_fee, base_tax, trade_total)
-- VALUES(36, '허진', ' ', ' ', ' ', 'LG전자', '5', '570000', '2024-05-27', '114000', '85500', ' ', '8550', ' ', '114000', ' ', '122550', '0.015', '0.2', '540000');
-- INSERT INTO transactions (id, username, buy_stock, buy_quantity, buy_total, sell_stock, sell_quantity, sell_total, trade_date, closing_Price, net_profit, purchase_fee, selling_fee, purchase_tax, selling_tax, purchase_total, selling_total, standard_fee, base_tax, trade_total)
-- VALUES(37, '허진', 'LS일렉트릭', '10', '540000', ' ', ' ', ' ', '2024-05-28', '54000', '81000', '8100', ' ', ' ', ' ', '8100', ' ', '0.015', '0.2', '539000');
-- INSERT INTO transactions (id, username, buy_stock, buy_quantity, buy_total, sell_stock, sell_quantity, sell_total, trade_date, closing_Price, net_profit, purchase_fee, selling_fee, purchase_tax, selling_tax, purchase_total, selling_total, standard_fee, base_tax, trade_total)
-- VALUES(38, '허진', ' ', ' ', ' ', 'SK 시그넷', '7', '539000', '2024-05-29', '77000', '80850', ' ', '8085', ' ', '107800', ' ', '115885', '0.015', '0.2', '476000');
-- INSERT INTO transactions (id, username, buy_stock, buy_quantity, buy_total, sell_stock, sell_quantity, sell_total, trade_date, closing_Price, net_profit, purchase_fee, selling_fee, purchase_tax, selling_tax, purchase_total, selling_total, standard_fee, base_tax, trade_total)
-- VALUES(39, '허진', '모트렉스', '20', '476000', ' ', ' ', ' ', '2024-05-30', '23800', '71400', '7140', ' ', ' ', ' ', '7140', ' ', '0.015', '0.2', '710000');
-- INSERT INTO transactions (id, username, buy_stock, buy_quantity, buy_total, sell_stock, sell_quantity, sell_total, trade_date, closing_Price, net_profit, purchase_fee, selling_fee, purchase_tax, selling_tax, purchase_total, selling_total, standard_fee, base_tax, trade_total)
-- VALUES(40, '허진', ' ', ' ', ' ', '원익피앤이', '25', '710000', '2024-05-31', '28400', '106500', ' ', '10650', ' ', '142000', ' ', '152650', '0.015', '0.2', '542400');
-- INSERT INTO transactions (id, username, buy_stock, buy_quantity, buy_total, sell_stock, sell_quantity, sell_total, trade_date, closing_Price, net_profit, purchase_fee, selling_fee, purchase_tax, selling_tax, purchase_total, selling_total, standard_fee, base_tax, trade_total)
-- VALUES(41, '이민재', '삼성전자', '8', '542400', ' ', ' ', ' ', '2024-05-20', '67800', '81360', '8136', ' ', ' ', ' ', '8136', ' ', '0.015', '0.2', '450000');
-- INSERT INTO transactions (id, username, buy_stock, buy_quantity, buy_total, sell_stock, sell_quantity, sell_total, trade_date, closing_Price, net_profit, purchase_fee, selling_fee, purchase_tax, selling_tax, purchase_total, selling_total, standard_fee, base_tax, trade_total)
-- VALUES(42, '이민재', ' ', ' ', ' ', 'SK하이닉스', '4', '450000', '2024-05-21', '112500', '67500', ' ', '6750', ' ', '90000', ' ', '96750', '0.015', '0.2', '440000');
-- INSERT INTO transactions (id, username, buy_stock, buy_quantity, buy_total, sell_stock, sell_quantity, sell_total, trade_date, closing_Price, net_profit, purchase_fee, selling_fee, purchase_tax, selling_tax, purchase_total, selling_total, standard_fee, base_tax, trade_total)
-- VALUES(43, '이민재', 'DB하이텍', '10', '440000', ' ', ' ', ' ', '2024-05-22', '44000', '66000', '6600', ' ', ' ', ' ', '6600', ' ', '0.015', '0.2', '502500');
-- INSERT INTO transactions (id, username, buy_stock, buy_quantity, buy_total, sell_stock, sell_quantity, sell_total, trade_date, closing_Price, net_profit, purchase_fee, selling_fee, purchase_tax, selling_tax, purchase_total, selling_total, standard_fee, base_tax, trade_total)
-- VALUES(44, '이민재', ' ', ' ', ' ', '네페스', '15', '502500', '2024-05-23', '33500', '75380', ' ', '7537.5', ' ', '100500', ' ', '108037.5', '0.015', '0.2', '396000');
-- INSERT INTO transactions (id, username, buy_stock, buy_quantity, buy_total, sell_stock, sell_quantity, sell_total, trade_date, closing_Price, net_profit, purchase_fee, selling_fee, purchase_tax, selling_tax, purchase_total, selling_total, standard_fee, base_tax, trade_total)
-- VALUES(45, '이민재', '후성', '30', '396000', ' ', ' ', ' ', '2024-05-24', '13200', '59400', '5940', ' ', ' ', ' ', '5940', ' ', '0.015', '0.2', '684000');
-- INSERT INTO transactions (id, username, buy_stock, buy_quantity, buy_total, sell_stock, sell_quantity, sell_total, trade_date, closing_Price, net_profit, purchase_fee, selling_fee, purchase_tax, selling_tax, purchase_total, selling_total, standard_fee, base_tax, trade_total)
-- VALUES(46, '이민재', ' ', ' ', ' ', 'LG전자', '6', '684000', '2024-05-27', '114000', '102600', ' ', '10260', ' ', '136800', ' ', '147060', '0.015', '0.2', '378000');
-- INSERT INTO transactions (id, username, buy_stock, buy_quantity, buy_total, sell_stock, sell_quantity, sell_total, trade_date, closing_Price, net_profit, purchase_fee, selling_fee, purchase_tax, selling_tax, purchase_total, selling_total, standard_fee, base_tax, trade_total)
-- VALUES(47, '이민재', 'LS일렉트릭', '7', '378000', ' ', ' ', ' ', '2024-05-28', '54000', '56700', '5670', ' ', ' ', ' ', '5670', ' ', '0.015', '0.2', '385000');
-- INSERT INTO transactions (id, username, buy_stock, buy_quantity, buy_total, sell_stock, sell_quantity, sell_total, trade_date, closing_Price, net_profit, purchase_fee, selling_fee, purchase_tax, selling_tax, purchase_total, selling_total, standard_fee, base_tax, trade_total)
-- VALUES(48, '이민재', ' ', ' ', ' ', 'SK 시그넷', '5', '385000', '2024-05-29', '77000', '57750', ' ', '5775', ' ', '77000', ' ', '82775', '0.015', '0.2', '238000');
-- INSERT INTO transactions (id, username, buy_stock, buy_quantity, buy_total, sell_stock, sell_quantity, sell_total, trade_date, closing_Price, net_profit, purchase_fee, selling_fee, purchase_tax, selling_tax, purchase_total, selling_total, standard_fee, base_tax, trade_total)
-- VALUES(49, '이민재', '모트렉스', '10', '238000', ' ', ' ', ' ', '2024-05-30', '23800', '35700', '3570', ' ', ' ', ' ', '3570', ' ', '0.015', '0.2', '340800');
-- INSERT INTO transactions (id, username, buy_stock, buy_quantity, buy_total, sell_stock, sell_quantity, sell_total, trade_date, closing_Price, net_profit, purchase_fee, selling_fee, purchase_tax, selling_tax, purchase_total, selling_total, standard_fee, base_tax, trade_total)
-- VALUES(50, '이민재', ' ', ' ', ' ', '원익피앤이', '12', '340800', '2024-05-31', '28400', '51120', ' ', '5112', ' ', '68160', ' ', '73272', '0.015', '0.2', '339000');
-- INSERT INTO transactions (id, username, buy_stock, buy_quantity, buy_total, sell_stock, sell_quantity, sell_total, trade_date, closing_Price, net_profit, purchase_fee, selling_fee, purchase_tax, selling_tax, purchase_total, selling_total, standard_fee, base_tax, trade_total)
-- VALUES(51, '양동규', '삼성전자', '5', '339000', ' ', ' ', ' ', '2024-05-20', '67800', '50850', '5085', ' ', ' ', ' ', '5085', ' ', '0.015', '0.2', '225000');
-- INSERT INTO transactions (id, username, buy_stock, buy_quantity, buy_total, sell_stock, sell_quantity, sell_total, trade_date, closing_Price, net_profit, purchase_fee, selling_fee, purchase_tax, selling_tax, purchase_total, selling_total, standard_fee, base_tax, trade_total)
-- VALUES(52, '양동규', ' ', ' ', ' ', 'SK하이닉스', '2', '225000', '2024-05-21', '112500', '33750', ' ', '3375', ' ', '45000', ' ', '48375', '0.015', '0.2','1100000');
-- INSERT INTO transactions (id, username, buy_stock, buy_quantity, buy_total, sell_stock, sell_quantity, sell_total, trade_date, closing_Price, net_profit, purchase_fee, selling_fee, purchase_tax, selling_tax, purchase_total, selling_total, standard_fee, base_tax, trade_total)
-- VALUES(53, '양동규', 'DB하이텍', '25', '1100000', ' ', ' ', ' ', '2024-05-22', '44000', '165000', '16500', ' ', ' ', ' ', '16500', ' ', '0.015', '0.2', '1172500');
-- INSERT INTO transactions (id, username, buy_stock, buy_quantity, buy_total, sell_stock, sell_quantity, sell_total, trade_date, closing_Price, net_profit, purchase_fee, selling_fee, purchase_tax, selling_tax, purchase_total, selling_total, standard_fee, base_tax, trade_total)
-- VALUES(54, '양동규', ' ', ' ', ' ', '네페스', '35', '1172500', '2024-05-23', '33500', '175880', ' ', '17587.5', ' ', '234500', ' ', '252087.5', '0.015', '0.2', '528000');
-- INSERT INTO transactions (id, username, buy_stock, buy_quantity, buy_total, sell_stock, sell_quantity, sell_total, trade_date, closing_Price, net_profit, purchase_fee, selling_fee, purchase_tax, selling_tax, purchase_total, selling_total, standard_fee, base_tax, trade_total)
-- VALUES(55, '양동규', '후성', '40', '528000', ' ', ' ', ' ', '2024-05-24', '13200', '79200', '7920', ' ', ' ', ' ', '7920', ' ', '0.015', '0.2','912000');
-- INSERT INTO transactions (id, username, buy_stock, buy_quantity, buy_total, sell_stock, sell_quantity, sell_total, trade_date, closing_Price, net_profit, purchase_fee, selling_fee, purchase_tax, selling_tax, purchase_total, selling_total, standard_fee, base_tax, trade_total)
-- VALUES(56, '양동규', ' ', ' ', ' ', 'LG전자', '8', '912000', '2024-05-27', '114000', '136800', ' ', '13680', ' ', '182400', ' ', '196080', '0.015', '0.2', '324000');
-- INSERT INTO transactions (id, username, buy_stock, buy_quantity, buy_total, sell_stock, sell_quantity, sell_total, trade_date, closing_Price, net_profit, purchase_fee, selling_fee, purchase_tax, selling_tax, purchase_total, selling_total, standard_fee, base_tax, trade_total)
-- VALUES(57, '양동규', 'LS일렉트릭', '6', '324000', ' ', ' ', ' ', '2024-05-28', '54000', '48600', '4860', ' ', ' ', ' ', '4860', ' ', '0.015', '0.2', '385000');
-- INSERT INTO transactions (id, username, buy_stock, buy_quantity, buy_total, sell_stock, sell_quantity, sell_total, trade_date, closing_Price, net_profit, purchase_fee, selling_fee, purchase_tax, selling_tax, purchase_total, selling_total, standard_fee, base_tax, trade_total)
-- VALUES(58, '양동규', ' ', ' ', ' ', 'SK 시그넷', '5', '385000', '2024-05-29', '77000', '57750', ' ', '5775', ' ', '77000', ' ', '82775', '0.015', '0.2', '285600');
-- INSERT INTO transactions (id, username, buy_stock, buy_quantity, buy_total, sell_stock, sell_quantity, sell_total, trade_date, closing_Price, net_profit, purchase_fee, selling_fee, purchase_tax, selling_tax, purchase_total, selling_total, standard_fee, base_tax, trade_total)
-- VALUES(59, '양동규', '모트렉스', '12', '285600', ' ', ' ', ' ', '2024-05-30', '23800', '42840', '4284', ' ', ' ', ' ', '4284', ' ', '0.015', '0.2', '568000');
-- INSERT INTO transactions (id, username, buy_stock, buy_quantity, buy_total, sell_stock, sell_quantity, sell_total, trade_date, closing_Price, net_profit, purchase_fee, selling_fee, purchase_tax, selling_tax, purchase_total, selling_total, standard_fee, base_tax, trade_total)
-- VALUES(60, '양동규', ' ', ' ', ' ', '원익피앤이', '20', '568000', '2024-05-31', '28400', '85200', ' ', '8520', ' ', '113600', ' ', '122120', '0.015', '0.2', '474600');
-- INSERT INTO transactions (id, username, buy_stock, buy_quantity, buy_total, sell_stock, sell_quantity, sell_total, trade_date, closing_Price, net_profit, purchase_fee, selling_fee, purchase_tax, selling_tax, purchase_total, selling_total, standard_fee, base_tax, trade_total)
-- VALUES(61, '이건우', '삼성전자', '7', '474600', ' ', ' ', ' ', '2024-05-20', '67800', '71190', '7119', ' ', ' ', ' ', '7119', ' ', '0.015', '0.2', '337500');
-- INSERT INTO transactions (id, username, buy_stock, buy_quantity, buy_total, sell_stock, sell_quantity, sell_total, trade_date, closing_Price, net_profit, purchase_fee, selling_fee, purchase_tax, selling_tax, purchase_total, selling_total, standard_fee, base_tax, trade_total)
-- VALUES(62, '이건우', ' ', ' ', ' ', 'SK하이닉스', '3', '337500', '2024-05-21', '112500', '50630', ' ', '5062.5', ' ', '67500', ' ', '72562.5', '0.015', '0.2', '440000');
-- INSERT INTO transactions (id, username, buy_stock, buy_quantity, buy_total, sell_stock, sell_quantity, sell_total, trade_date, closing_Price, net_profit, purchase_fee, selling_fee, purchase_tax, selling_tax, purchase_total, selling_total, standard_fee, base_tax, trade_total)
-- VALUES(63, '이건우', 'DB하이텍', '10', '440000', ' ', ' ', ' ', '2024-05-22', '44000', '66000', '6600', ' ', ' ', ' ', '6600', ' ', '0.015', '0.2', '837500');
-- INSERT INTO transactions (id, username, buy_stock, buy_quantity, buy_total, sell_stock, sell_quantity, sell_total, trade_date, closing_Price, net_profit, purchase_fee, selling_fee, purchase_tax, selling_tax, purchase_total, selling_total, standard_fee, base_tax, trade_total)
-- VALUES(64, '이건우', ' ', ' ', ' ', '네페스', '25', '837500', '2024-05-23', '33500', '125630', ' ', '12562.5', ' ', '167500', ' ', '180062.5', '0.015', '0.2', '726000');
-- INSERT INTO transactions (id, username, buy_stock, buy_quantity, buy_total, sell_stock, sell_quantity, sell_total, trade_date, closing_Price, net_profit, purchase_fee, selling_fee, purchase_tax, selling_tax, purchase_total, selling_total, standard_fee, base_tax, trade_total)
-- VALUES(65, '이건우', '후성', '55', '726000', ' ', ' ', ' ', '2024-05-24', '13200', '108900', '10890', ' ', ' ', ' ', '10890', ' ', '0.015', '0.2', '342000');
-- INSERT INTO transactions (id, username, buy_stock, buy_quantity, buy_total, sell_stock, sell_quantity, sell_total, trade_date, closing_Price, net_profit, purchase_fee, selling_fee, purchase_tax, selling_tax, purchase_total, selling_total, standard_fee, base_tax, trade_total)
-- VALUES(66, '이건우', ' ', ' ', ' ', 'LG전자', '3', '342000', '2024-05-27', '114000', '51300', ' ', '5130', ' ', '68400', ' ', '73530', '0.015', '0.2', '270000');
-- INSERT INTO transactions (id, username, buy_stock, buy_quantity, buy_total, sell_stock, sell_quantity, sell_total, trade_date, closing_Price, net_profit, purchase_fee, selling_fee, purchase_tax, selling_tax, purchase_total, selling_total, standard_fee, base_tax, trade_total)
-- VALUES(67, '이건우', 'LS일렉트릭', '5', '270000', ' ', ' ', ' ', '2024-05-28', '54000', '40500', '4050', ' ', ' ', ' ', '4050', ' ', '0.015', '0.2', '616000');
-- INSERT INTO transactions (id, username, buy_stock, buy_quantity, buy_total, sell_stock, sell_quantity, sell_total, trade_date, closing_Price, net_profit, purchase_fee, selling_fee, purchase_tax, selling_tax, purchase_total, selling_total, standard_fee, base_tax, trade_total)
-- VALUES(68, '이건우', ' ', ' ', ' ', 'SK 시그넷', '8', '616000', '2024-05-29', '77000', '92400', ' ', '9240', ' ', '123200', ' ', '132440', '0.015', '0.2', '476000');
-- INSERT INTO transactions (id, username, buy_stock, buy_quantity, buy_total, sell_stock, sell_quantity, sell_total, trade_date, closing_Price, net_profit, purchase_fee, selling_fee, purchase_tax, selling_tax, purchase_total, selling_total, standard_fee, base_tax, trade_total)
-- VALUES(69, '이건우', '모트렉스', '20', '476000', ' ', ' ', ' ', '2024-05-30', '23800', '71400', '7140', ' ', ' ', ' ', '7140', ' ', '0.015', '0.2', '852000');
-- INSERT INTO transactions (id, username, buy_stock, buy_quantity, buy_total, sell_stock, sell_quantity, sell_total, trade_date, closing_Price, net_profit, purchase_fee, selling_fee, purchase_tax, selling_tax, purchase_total, selling_total, standard_fee, base_tax, trade_total)
-- VALUES(70, '이건우', ' ', ' ', ' ', '원익피앤이', '30', '852000', '2024-05-31', '28400', '127800', ' ', '12780', ' ', '170400', ' ', '183180', '0.015', '0.2', '610200');
-- INSERT INTO transactions (id, username, buy_stock, buy_quantity, buy_total, sell_stock, sell_quantity, sell_total, trade_date, closing_Price, net_profit, purchase_fee, selling_fee, purchase_tax, selling_tax, purchase_total, selling_total, standard_fee, base_tax, trade_total)
-- VALUES(71, '노태호', '삼성전자', '9', '610200', ' ', ' ', ' ', '2024-05-20', '67800', '91530', '9153', ' ', ' ', ' ', '9153', ' ', '0.015', '0.2', '450000');
-- INSERT INTO transactions (id, username, buy_stock, buy_quantity, buy_total, sell_stock, sell_quantity, sell_total, trade_date, closing_Price, net_profit, purchase_fee, selling_fee, purchase_tax, selling_tax, purchase_total, selling_total, standard_fee, base_tax, trade_total)
-- VALUES(72, '노태호', ' ', ' ', ' ', 'SK하이닉스', '4', '450000', '2024-05-21', '112500', '67500', ' ', '6750', ' ', '90000', ' ', '96750', '0.015', '0.2', '660000');
-- INSERT INTO transactions (id, username, buy_stock, buy_quantity, buy_total, sell_stock, sell_quantity, sell_total, trade_date, closing_Price, net_profit, purchase_fee, selling_fee, purchase_tax, selling_tax, purchase_total, selling_total, standard_fee, base_tax, trade_total)
-- VALUES(73, '노태호', 'DB하이텍', '15', '660000', ' ', ' ', ' ', '2024-05-22', '44000', '99000', '9900', ' ', ' ', ' ', '9900', ' ', '0.015', '0.2', '670000');
-- INSERT INTO transactions (id, username, buy_stock, buy_quantity, buy_total, sell_stock, sell_quantity, sell_total, trade_date, closing_Price, net_profit, purchase_fee, selling_fee, purchase_tax, selling_tax, purchase_total, selling_total, standard_fee, base_tax, trade_total)
-- VALUES(74, '노태호', ' ', ' ', ' ', '네페스', '20', '670000', '2024-05-23', '33500', '100500', ' ', '10050', ' ', '134000', ' ', '144050', '0.015', '0.2', '660000');
-- INSERT INTO transactions (id, username, buy_stock, buy_quantity, buy_total, sell_stock, sell_quantity, sell_total, trade_date, closing_Price, net_profit, purchase_fee, selling_fee, purchase_tax, selling_tax, purchase_total, selling_total, standard_fee, base_tax, trade_total)
-- VALUES(75, '노태호', '후성', '50', '660000', ' ', ' ', ' ', '2024-05-24', '13200', '99000', '9900', ' ', ' ', ' ', '9900', ' ', '0.015', '0.2', '570000');
-- INSERT INTO transactions (id, username, buy_stock, buy_quantity, buy_total, sell_stock, sell_quantity, sell_total, trade_date, closing_Price, net_profit, purchase_fee, selling_fee, purchase_tax, selling_tax, purchase_total, selling_total, standard_fee, base_tax, trade_total)
-- VALUES(76, '노태호', ' ', ' ', ' ', 'LG전자', '5', '570000', '2024-05-27', '114000', '85500', ' ', '8550', ' ', '114000', ' ', '122550', '0.015', '0.2', '540000');
-- INSERT INTO transactions (id, username, buy_stock, buy_quantity, buy_total, sell_stock, sell_quantity, sell_total, trade_date, closing_Price, net_profit, purchase_fee, selling_fee, purchase_tax, selling_tax, purchase_total, selling_total, standard_fee, base_tax, trade_total)
-- VALUES(77, '노태호', 'LS일렉트릭', '10', '540000', ' ', ' ', ' ', '2024-05-28', '54000', '81000', '8100', ' ', ' ', ' ', '8100', ' ', '0.015', '0.2', '385000');
-- INSERT INTO transactions (id, username, buy_stock, buy_quantity, buy_total, sell_stock, sell_quantity, sell_total, trade_date, closing_Price, net_profit, purchase_fee, selling_fee, purchase_tax, selling_tax, purchase_total, selling_total, standard_fee, base_tax, trade_total)
-- VALUES(78, '노태호', ' ', ' ', ' ', 'SK 시그넷', '5', '385000', '2024-05-29', '77000', '57750', ' ', '5775', ' ', '77000', ' ', '82775', '0.015', '0.2', '238000');
-- INSERT INTO transactions (id, username, buy_stock, buy_quantity, buy_total, sell_stock, sell_quantity, sell_total, trade_date, closing_Price, net_profit, purchase_fee, selling_fee, purchase_tax, selling_tax, purchase_total, selling_total, standard_fee, base_tax, trade_total)
-- VALUES(79, '노태호', '모트렉스', '10', '238000', ' ', ' ', ' ', '2024-05-30', '23800', '35700', '3570', ' ', ' ', ' ', '3570', ' ', '0.015', '0.2', '426000');
-- INSERT INTO transactions (id, username, buy_stock, buy_quantity, buy_total, sell_stock, sell_quantity, sell_total, trade_date, closing_Price, net_profit, purchase_fee, selling_fee, purchase_tax, selling_tax, purchase_total, selling_total, standard_fee, base_tax, trade_total)
-- VALUES(80, '노태호', ' ', ' ', ' ', '원익피앤이', '15', '426000', '2024-05-31', '28400', '63900', ' ', '6390', ' ', '85200', ' ', '91590', '0.015', '0.2', '813600');
-- INSERT INTO transactions (id, username, buy_stock, buy_quantity, buy_total, sell_stock, sell_quantity, sell_total, trade_date, closing_Price, net_profit, purchase_fee, selling_fee, purchase_tax, selling_tax, purchase_total, selling_total, standard_fee, base_tax, trade_total)
-- VALUES(81, '이준휘', '삼성전자', '12', '813600', ' ', ' ', ' ', '2024-05-20', '67800', '122040', '12204', ' ', ' ', ' ', '12204', ' ', '0.015', '0.2', '900000');
-- INSERT INTO transactions (id, username, buy_stock, buy_quantity, buy_total, sell_stock, sell_quantity, sell_total, trade_date, closing_Price, net_profit, purchase_fee, selling_fee, purchase_tax, selling_tax, purchase_total, selling_total, standard_fee, base_tax, trade_total)
-- VALUES(82, '이준휘', ' ', ' ', ' ', 'SK하이닉스', '8', '900000', '2024-05-21', '112500', '135000', ' ', '13500', ' ', '180000', ' ', '193500', '0.015', '0.2', '880000');
-- INSERT INTO transactions (id, username, buy_stock, buy_quantity, buy_total, sell_stock, sell_quantity, sell_total, trade_date, closing_Price, net_profit, purchase_fee, selling_fee, purchase_tax, selling_tax, purchase_total, selling_total, standard_fee, base_tax, trade_total)
-- VALUES(83, '이준휘', 'DB하이텍', '20', '880000', ' ', ' ', ' ', '2024-05-22', '44000', '132000', '13200', ' ', ' ', ' ', '13200', ' ', '0.015', '0.2', '1172500');
-- INSERT INTO transactions (id, username, buy_stock, buy_quantity, buy_total, sell_stock, sell_quantity, sell_total, trade_date, closing_Price, net_profit, purchase_fee, selling_fee, purchase_tax, selling_tax, purchase_total, selling_total, standard_fee, base_tax, trade_total)
-- VALUES(84, '이준휘', ' ', ' ', ' ', '네페스', '35', '1172500', '2024-05-23', '33500', '175880', ' ', '17587.5', ' ', '234500', ' ', '252087.5', '0.015', '0.2', '528000');
-- INSERT INTO transactions (id, username, buy_stock, buy_quantity, buy_total, sell_stock, sell_quantity, sell_total, trade_date, closing_Price, net_profit, purchase_fee, selling_fee, purchase_tax, selling_tax, purchase_total, selling_total, standard_fee, base_tax, trade_total)
-- VALUES(85, '이준휘', '후성', '40', '528000', ' ', ' ', ' ', '2024-05-24', '13200', '79200', '7920', ' ', ' ', ' ', '7920', ' ', '0.015', '0.2', '570000');
-- INSERT INTO transactions (id, username, buy_stock, buy_quantity, buy_total, sell_stock, sell_quantity, sell_total, trade_date, closing_Price, net_profit, purchase_fee, selling_fee, purchase_tax, selling_tax, purchase_total, selling_total, standard_fee, base_tax, trade_total)
-- VALUES(86, '이준휘', ' ', ' ', ' ', 'LG전자', '5', '570000', '2024-05-27', '114000', '85500', ' ', '8550', ' ', '114000', ' ', '122550', '0.015', '0.2', '540000');
-- INSERT INTO transactions (id, username, buy_stock, buy_quantity, buy_total, sell_stock, sell_quantity, sell_total, trade_date, closing_Price, net_profit, purchase_fee, selling_fee, purchase_tax, selling_tax, purchase_total, selling_total, standard_fee, base_tax, trade_total)
-- VALUES(87, '이준휘', 'LS일렉트릭', '10', '540000', ' ', ' ', ' ', '2024-05-28', '54000', '81000', '8100', ' ', ' ', ' ', '8100', ' ', '0.015', '0.2', '616000');
-- INSERT INTO transactions (id, username, buy_stock, buy_quantity, buy_total, sell_stock, sell_quantity, sell_total, trade_date, closing_Price, net_profit, purchase_fee, selling_fee, purchase_tax, selling_tax, purchase_total, selling_total, standard_fee, base_tax, trade_total)
-- VALUES(88, '이준휘', ' ', ' ', ' ', 'SK 시그넷', '8', '616000', '2024-05-29', '77000', '92400', ' ', '9240', ' ', '123200', ' ', '132440', '0.015', '0.2', '595000');
-- INSERT INTO transactions (id, username, buy_stock, buy_quantity, buy_total, sell_stock, sell_quantity, sell_total, trade_date, closing_Price, net_profit, purchase_fee, selling_fee, purchase_tax, selling_tax, purchase_total, selling_total, standard_fee, base_tax, trade_total)
-- VALUES(89, '이준휘', '모트렉스', '25', '595000', ' ', ' ', ' ', '2024-05-30', '23800', '89250', '8925', ' ', ' ', ' ', '8925', ' ', '0.015', '0.2', '595000');
-- INSERT INTO transactions (id, username, buy_stock, buy_quantity, buy_total, sell_stock, sell_quantity, sell_total, trade_date, closing_Price, net_profit, purchase_fee, selling_fee, purchase_tax, selling_tax, purchase_total, selling_total, standard_fee, base_tax, trade_total)
-- VALUES(90, '이준휘', ' ', ' ', ' ', '원익피앤이', '20', '568000', '2024-05-31', '28400', '85200', ' ', '8520', ' ', '113600', ' ', '122120', '0.015', '0.2', '568000');
-- INSERT INTO transactions (id, username, buy_stock, buy_quantity, buy_total, sell_stock, sell_quantity, sell_total, trade_date, closing_Price, net_profit, purchase_fee, selling_fee, purchase_tax, selling_tax, purchase_total, selling_total, standard_fee, base_tax, trade_total)
-- VALUES(91, '김호주', '삼성전자', '8', '542400', ' ', ' ', ' ', '2024-05-20', '67800', '81360', '8136', ' ', ' ', ' ', '8136', ' ', '0.015', '0.2', '542400');
-- INSERT INTO transactions (id, username, buy_stock, buy_quantity, buy_total, sell_stock, sell_quantity, sell_total, trade_date, closing_Price, net_profit, purchase_fee, selling_fee, purchase_tax, selling_tax, purchase_total, selling_total, standard_fee, base_tax, trade_total)
-- VALUES(92, '김호주', ' ', ' ', ' ', 'SK하이닉스', '4', '450000', '2024-05-21', '112500', '67500', ' ', '6750', ' ', '90000', ' ', '96750', '0.015', '0.2', '450000');
-- INSERT INTO transactions (id, username, buy_stock, buy_quantity, buy_total, sell_stock, sell_quantity, sell_total, trade_date, closing_Price, net_profit, purchase_fee, selling_fee, purchase_tax, selling_tax, purchase_total, selling_total, standard_fee, base_tax, trade_total)
-- VALUES(93, '김호주', 'DB하이텍', '10', '440000', ' ', ' ', ' ', '2024-05-22', '44000', '66000', '6600', ' ', ' ', ' ', '6600', ' ', '0.015', '0.2', '440000');
-- INSERT INTO transactions (id, username, buy_stock, buy_quantity, buy_total, sell_stock, sell_quantity, sell_total, trade_date, closing_Price, net_profit, purchase_fee, selling_fee, purchase_tax, selling_tax, purchase_total, selling_total, standard_fee, base_tax, trade_total)
-- VALUES(94, '김호주', ' ', ' ', ' ', '네페스', '15', '502500', '2024-05-23', '33500', '75380', ' ', '7537.5', ' ', '100500', ' ', '108037.5', '0.015', '0.2', '502500');
-- INSERT INTO transactions (id, username, buy_stock, buy_quantity, buy_total, sell_stock, sell_quantity, sell_total, trade_date, closing_Price, net_profit, purchase_fee, selling_fee, purchase_tax, selling_tax, purchase_total, selling_total, standard_fee, base_tax, trade_total)
-- VALUES(95, '김호주', '후성', '30', '396000', ' ', ' ', ' ', '2024-05-24', '13200', '59400', '5940', ' ', ' ', ' ', '5940', ' ', '0.015', '0.2', '396000');
-- INSERT INTO transactions (id, username, buy_stock, buy_quantity, buy_total, sell_stock, sell_quantity, sell_total, trade_date, closing_Price, net_profit, purchase_fee, selling_fee, purchase_tax, selling_tax, purchase_total, selling_total, standard_fee, base_tax, trade_total)
-- VALUES(96, '김호주', ' ', ' ', ' ', 'LG전자', '6', '684000', '2024-05-27', '114000', '102600', ' ', '10260', ' ', '136800', ' ', '147060', '0.015', '0.2', '684000');
-- INSERT INTO transactions (id, username, buy_stock, buy_quantity, buy_total, sell_stock, sell_quantity, sell_total, trade_date, closing_Price, net_profit, purchase_fee, selling_fee, purchase_tax, selling_tax, purchase_total, selling_total, standard_fee, base_tax, trade_total)
-- VALUES(97, '김호주', 'LS일렉트릭', '7', '378000', ' ', ' ', ' ', '2024-05-28', '54000', '56700', '5670', ' ', ' ', ' ', '5670', ' ', '0.015', '0.2', '378000');
-- INSERT INTO transactions (id, username, buy_stock, buy_quantity, buy_total, sell_stock, sell_quantity, sell_total, trade_date, closing_Price, net_profit, purchase_fee, selling_fee, purchase_tax, selling_tax, purchase_total, selling_total, standard_fee, base_tax, trade_total)
-- VALUES(98, '김호주', ' ', ' ', ' ', 'SK 시그넷', '5', '385000', '2024-05-29', '77000', '57750', ' ', '5775', ' ', '77000', ' ', '82775', '0.015', '0.2', '385000');
-- INSERT INTO transactions (id, username, buy_stock, buy_quantity, buy_total, sell_stock, sell_quantity, sell_total, trade_date, closing_Price, net_profit, purchase_fee, selling_fee, purchase_tax, selling_tax, purchase_total, selling_total, standard_fee, base_tax, trade_total)
-- VALUES(99, '김호주', '모트렉스', '10', '238000', ' ', ' ', ' ', '2024-05-30', '23800', '35700', '3570', ' ', ' ', ' ', '3570', ' ', '0.015', '0.2', '238000');
-- INSERT INTO transactions (id, username, buy_stock, buy_quantity, buy_total, sell_stock, sell_quantity, sell_total, trade_date, closing_Price, net_profit, purchase_fee, selling_fee, purchase_tax, selling_tax, purchase_total, selling_total, standard_fee, base_tax, trade_total)
-- VALUES(100, '김호주', ' ', ' ', ' ', '원익피앤이', '12', '340800', '2024-05-31', '28400', '51120', ' ', '5112', ' ', '68160', ' ', '73272', '0.015', '0.2', '340800');
--
--
-- -- insert into users (id, username, password, name, age, sex, email, address, phone, asset, color, investment_propensity, mod_date, reg_date, role) values (1, 'gjwlsdj12#123', 'pO2(eO73)%@', '제갈민', '6403211570892', 'male', 'jgs0318@gmail.com', '서울특별시 강남구', '010-2212-0694', 8200000, 'RED', '매우 공격', '2023-04-08 18:34:19', '2023-12-31 06:36:58','G1');
-- -- insert into users (id, username, password, name, age, sex, email, address, phone, asset, color, investment_propensity, mod_date, reg_date, role) values (2, 'cmastersond125', 'dlwldms123@', '김현지', '8005222367521', 'female', 'sjrkchdkdy@gmail.com', '부산광역시 해운대구', '010-4351-9876', 9400000, 'YELLOW', '공격적', '2024-03-11 00:53:52', '2023-12-08 13:55:58','G1');
-- -- insert into users (id, username, password, name, age, sex, email, address, phone, asset, color, investment_propensity, mod_date, reg_date, role) values (3, 'scurbishleyd23', 'qkrwnsdud3@', '배광수', '0201013512381', 'male', 'bgh950201@gmail.com', '대구광역시 수성구', '010-3355-9088', 7800000, 'PURPLE', '중립적', '2023-10-08 23:58:44', '2023-06-05 04:39:48','G1');
-- -- insert into users (id, username, password, name, age, sex, email, address, phone, asset, color, investment_propensity, mod_date, reg_date, role) values (4, 'lgrishankovm78', 'chlwldus12#', '허민재', '8903241549722', 'male', 'jinpold@gmail.com', '인천광역시 연수구', '010-1535-1177', 8600000, 'BLUE', '보수적', '2023-12-19 17:33:02', '2023-09-08 08:56:05','G1');
-- -- insert into users (id, username, password, name, age, sex, email, address, phone, asset, color, investment_propensity, mod_date, reg_date, role) values (5, 'aparmitermm191', 'rladudg11#%', '이진성', '7907213548215', 'male', 'alswodnjswo@gmail.com', '경기도 성남시 분당구', '010-7612-9909', 9700000, 'GREEN',  '매우 보수', '2023-06-02 14:43:32', '2023-10-23 18:24:40','G1');
--
-- insert into admins (id, username, password, enp_name, enp_num, department, position, job, enp_email, phone, role, mod_date, reg_date) values (1, 'ggunAdmin0001', 'pO2(eO73)%@', '김현주', '20050305', '경영기획본부', '부장', '경영기획본부장', 'jgs0318@gmail.com', '010-2212-0694', 'G5', '2005-03-05 14:43:32', '2023-10-23 18:24:40');
-- insert into admins (id, username, password, enp_name, enp_num, department, position, job, enp_email, phone, role, mod_date, reg_date) values (2, 'ggunAdmin0002', 'dlwldms123@', '제갈수', '20100607', '트레이딩본부', '차장', '트레이딩팀장', 'sjrkchdkdy@gmail.com', '010-4351-9876','G4', '2010-06-07 17:33:02', '2023-09-08 08:56:05');
-- insert into admins (id, username, password, enp_name, enp_num, department, position, job, enp_email, phone, role, mod_date, reg_date) values (3, 'ggunAdmin0003', 'qkrwnsdud3@', '배광호', '20190506', '기업금융본부', '과장', '총괄금융1팀장','bgh950201@gmail.com', '010-3355-9088', 'G4', '2019-05-06 17:33:02', '2023-09-08 08:56:05');
-- insert into admins (id, username, password, enp_name, enp_num, department, position, job, enp_email, phone, role, mod_date, reg_date) values (4, 'ggunAdmin0004', 'chlwldus12#', '허진',   '20160222', '증권사업본부', '대리', '미래전략관리팀원', 'jinpold@gmail.com', '010-1535-1177', 'G3', '2016-02-22 17:33:02', '2023-09-08 08:56:05');
-- insert into admins (id, username, password, enp_name, enp_num, department, position, job, enp_email, phone, role, mod_date, reg_date) values (5, 'ggunAdmin0005', 'rladudg11#%', '이민재', '20240225', '파생영업본부', '사원', '국제영업관리' ,'alswodnjswo@gmail.com', '010-7612-9909', 'G2', '2024-02-25 17:33:02', '2023-09-08 08:56:05');
-- insert into admins (id, username, password, enp_name, enp_num, department, position, job, enp_email, phone, role, mod_date, reg_date) values (6, 'ggunAdmin0006', 'dsfsdgs11#@', '양동규', '20150305', '경영기획본부', '대리', '경영기획팀원', 'jgs0318@gmail.com', '010-6887-3453', 'G3', '2015-03-05 17:33:02', '2023-09-08 08:56:05');
-- insert into admins (id, username, password, enp_name, enp_num, department, position, job, enp_email, phone, role, mod_date, reg_date) values (7, 'ggunAdmin0007', 'sdfsdgg33##', '김호주', '20200607', '트레이딩본부', '사원', '트레이딩팀원', 'sjrkchdkdy@gmail.com', '010-2345-2352', 'G2', '2020-06-07 17:33:02', '2024-11-08 08:56:05');
-- insert into admins (id, username, password, enp_name, enp_num, department, position, job, enp_email, phone, role, mod_date, reg_date) values (8, 'ggunAdmin0008', 'jlkjfds98#@', '노태호', '20070501', '준법경영실', '실장', '준법경영총괄실장','bgh950201@gmail.com', '010-8658-2532', 'G5', '2007-05-01 17:33:02', '2024-11-08 08:56:05');
-- insert into admins (id, username, password, enp_name, enp_num, department, position, job, enp_email, phone, role, mod_date, reg_date) values (9, 'ggunAdmin0009', 'dsffsdff11#', '이건우',   '20180506', 'IB사업본부', '대리', '유동화금융1팀원', 'jinpold@gmail.com', '010-2626-5476', 'G3', '2018-05-06 17:33:02', '2024-11-08 08:56:05');
-- insert into admins (id, username, password, enp_name, enp_num, department, position, job, enp_email, phone, role, mod_date, reg_date) values (10, 'ggunAdmin0010', 'fdsgsgmlsss2#', '이준휘', '20240225', '리스크관리실', '사원', '리스크관리담당' ,'alswodnjswo@gmail.com', '010-3466-3434','G2', '2024-02-25 17:33:02', '2024-11-08 08:56:05');
--
-- insert into boards (id, title, description, mod_date, reg_date) values (1, 'Service','ServiceType','2023-05-05 00:10:49', '2024-05-05 00:10:49');
-- insert into boards (id, title, description, mod_date, reg_date) values (2, 'QNA','QNAType','2023-09-30 08:20:52', '2023-12-05 00:12:51');
--
-- insert into articles (id, title, content, writer_id, board_id, mod_date, reg_date) values (1, '고객센터 문의', '계정 관련 문의합니다.', 2, 1, '2023-05-05 00:10:49', '2024-02-28 04:32:04');
-- insert into articles (id, title, content, writer_id, board_id, mod_date, reg_date) values (2, 'Q&A 자주 물어보는 질문', '계좌마다 투자방식이 다른가요?', 5, 2, '2023-04-14 12:07:46', '2023-09-30 08:20:52');
-- insert into articles (id, title, content, writer_id, board_id, mod_date, reg_date) values (3, 'Q&A 자주 물어보는 질문', '해외투자는 어떻게 하나요?', 4, 2, '2024-01-16 19:23:29', '2024-01-29 03:11:26');
-- insert into articles (id, title, content, writer_id, board_id, mod_date, reg_date) values (4, 'Q&A 자주 물어보는 질문', '세금은 어떻게 처리되나요?', 3, 2, '2024-01-06 16:32:58', '2023-09-19 15:03:49');
-- insert into articles (id, title, content, writer_id, board_id, mod_date, reg_date) values (5, '고객센터 문의', '비밀번호 관련 문의합니다.', 1, 1, '2023-12-02 05:19:43', '2024-01-06 04:44:20');
-- insert into articles (id, title, content, writer_id, board_id, mod_date, reg_date) values (6, '고객센터 문의', '계좌 관련 문의합니다.', 2, 1, '2023-04-13 23:03:48', '2024-03-10 03:25:24');
-- insert into articles (id, title, content, writer_id, board_id, mod_date, reg_date) values (7, 'Q&A 자주 물어보는 질문', '연말정산 혜택은 무엇이 있나요?', 3, 2, '2023-08-22 22:35:11', '2023-07-06 06:42:17');
-- insert into articles (id, title, content, writer_id, board_id, mod_date, reg_date) values (8, '고객센터 문의', '계좌를 없애고 싶습니다.', 4, 1, '2023-07-29 19:26:59', '2024-04-05 22:11:04');
-- insert into articles (id, title, content, writer_id, board_id, mod_date, reg_date) values (9, '고객센터 문의', '다른 증권사로 옮기고 싶어요', 2, 1, '2023-06-21 16:58:36', '2023-10-24 02:38:07');
-- insert into articles (id, title, content, writer_id, board_id, mod_date, reg_date) values (10, 'Q&A 자주 물어보는 질문', '국내주식과 해외주식 투자 방법 문의', 3, 2, '2023-08-10 12:39:39', '2023-06-22 12:28:10');
-- insert into articles (id, title, content, writer_id, board_id, mod_date, reg_date) values (11, 'Q&A 자주 물어보는 질문', '주식 투자 조언을 받을 수 있나요?', 2, 2, '2023-12-27 21:43:35', '2023-07-16 22:14:00');
-- insert into articles (id, title, content, writer_id, board_id, mod_date, reg_date) values (12, 'Q&A 자주 물어보는 질문', '연금계좌는 어떻게 개설하나요?', 3, 2, '2023-10-22 07:19:26', '2023-07-31 06:54:25');
-- insert into articles (id, title, content, writer_id, board_id, mod_date, reg_date) values (13, 'Q&A 자주 물어보는 질문', '일반 계좌와 연금계좌의 차이가 뭔가요?', 2, 2, '2023-07-28 16:21:23', '2024-02-28 09:10:53');
-- insert into articles (id, title, content, writer_id, board_id, mod_date, reg_date) values (14, '고객센터 문의', '연금계좌 해지 문의', 2, 1, '2024-03-10 12:34:41', '2024-02-13 13:15:06');
-- insert into articles (id, title, content, writer_id, board_id, mod_date, reg_date) values (15, '고객센터 문의', '선물 파생상품 문의', 2, 1, '2023-10-24 07:23:49', '2023-09-06 12:29:18');
-- insert into articles (id, title, content, writer_id, board_id, mod_date, reg_date) values (16, '고객센터 문의', '계좌를 해지하고 다시 만들고 싶어요', 3, 1, '2024-02-10 10:53:34', '2023-04-28 19:21:10');
-- insert into articles (id, title, content, writer_id, board_id, mod_date, reg_date) values (17, 'Q&A 자주 물어보는 질문', '보이스 피싱 관련 문의', 5, 2, '2024-01-09 17:52:26', '2024-01-03 06:33:31');
-- insert into articles (id, title, content, writer_id, board_id, mod_date, reg_date) values (18, 'Q&A 자주 물어보는 질문', '계좌 정지 관련 문의', 4, 2, '2023-07-22 14:50:33', '2024-03-18 03:17:18');
-- insert into articles (id, title, content, writer_id, board_id, mod_date, reg_date) values (19, 'Q&A 자주 물어보는 질문', 'OTP 보안카드 문의', 4, 2, '2023-12-01 13:20:30', '2023-10-28 16:37:09');
-- insert into articles (id, title, content, writer_id, board_id, mod_date, reg_date) values (20, '고객센터 문의', '해외 주식 관련 문의합니다.', 3, 1, '2023-04-29 07:02:51', '2023-06-22 01:45:42');
-- insert into articles (id, title, content, writer_id, board_id, mod_date, reg_date) values (21, 'Q&A 자주 물어보는 질문', '주식 장 마감 시간 문의', 2, 2, '2023-06-02 14:43:32', '2023-10-23 18:24:40');
-- insert into articles (id, title, content, writer_id, board_id, mod_date, reg_date) values (22, 'Q&A 자주 물어보는 질문', '국내와 해외 마감 시간 문의', 2, 2, '2023-08-29 22:58:08', '2024-03-11 10:26:45');
-- insert into articles (id, title, content, writer_id, board_id, mod_date, reg_date) values (23, 'Q&A 자주 물어보는 질문', '계좌 정지 관련 문의', 5, 2, '2024-03-11 00:53:52', '2023-12-08 13:55:58');
-- insert into articles (id, title, content, writer_id, board_id, mod_date, reg_date) values (24, '고객센터 문의', '선물 파생상품 문의', 3, 1, '2024-01-17 22:53:07', '2023-05-14 16:45:59');
-- insert into articles (id, title, content, writer_id, board_id, mod_date, reg_date) values (25, '고객센터 문의', '세금 관련 문의해요.', 5, 2, '2023-12-28 07:28:56', '2023-12-26 21:35:59');
-- insert into articles (id, title, content, writer_id, board_id, mod_date, reg_date) values (26, '고객센터 문의', '연말 정산 관련 문의해요', 5, 1, '2023-06-29 06:49:05', '2024-04-02 19:53:42');
-- insert into articles (id, title, content, writer_id, board_id, mod_date, reg_date) values (27, 'Q&A 자주 물어보는 질문', '해외주식 투자 방법 문의', 3, 2, '2023-12-22 18:46:27', '2023-07-21 05:30:17');
-- insert into articles (id, title, content, writer_id, board_id, mod_date, reg_date) values (28, 'Q&A 자주 물어보는 질문', '국내와 해외 마감 시간 문의', 5, 2, '2023-11-10 15:22:42', '2023-06-06 14:24:05');
-- insert into articles (id, title, content, writer_id, board_id, mod_date, reg_date) values (29, '고객센터 문의', '지점 방문 상담 문의', 4, 1, '2023-05-16 19:13:17', '2023-04-13 16:15:22');
-- insert into articles (id, title, content, writer_id, board_id, mod_date, reg_date) values (30, 'Q&A 자주 물어보는 질문', 'ISA 계좌 문의', 4, 2, '2023-07-17 06:55:36', '2023-07-12 21:56:55');
-- insert into articles (id, title, content, writer_id, board_id, mod_date, reg_date) values (31, '고객센터 문의', '영업 관련 문의', 5, 1, '2023-09-17 01:43:42', '2024-03-12 11:57:48');
-- insert into articles (id, title, content, writer_id, board_id, mod_date, reg_date) values (32, 'Q&A 자주 물어보는 질문', '연금 계좌에 대해 알고 싶어요', 3, 2, '2023-04-19 18:02:02', '2023-04-16 17:59:00');
-- insert into articles (id, title, content, writer_id, board_id, mod_date, reg_date) values (33, '고객센터 문의', '지점 방문 상담 관련 문의', 1, 1, '2023-05-16 15:50:02', '2023-12-06 12:59:44');
-- insert into articles (id, title, content, writer_id, board_id, mod_date, reg_date) values (34, 'Q&A 자주 물어보는 질문', '법인 회사 투자 관련 문의', 3, 2, '2024-03-10 20:37:46', '2024-01-05 11:22:55');
-- insert into articles (id, title, content, writer_id, board_id, mod_date, reg_date) values (35, '고객센터 문의', '비밀번호 5회 이상 틀렸어요', 3, 2, '2024-01-31 10:31:58', '2023-08-24 06:03:54');
-- insert into articles (id, title, content, writer_id, board_id, mod_date, reg_date) values (36, '고객센터 문의', '계정이 잠겼어요', 1, 1, '2023-04-08 18:34:19', '2023-12-31 06:36:58');
-- insert into articles (id, title, content, writer_id, board_id, mod_date, reg_date) values (37, 'Q&A 자주 물어보는 질문', '투자 조언 받고 싶어요', 4, 2, '2023-06-19 23:44:50', '2023-09-25 18:22:19');
-- insert into articles (id, title, content, writer_id, board_id, mod_date, reg_date) values (38, 'Q&A 자주 물어보는 질문', '개인 투자자 & 법인 투자자 관련 문의', 1, 2, '2023-08-10 14:42:53', '2023-10-28 13:09:30');
-- insert into articles (id, title, content, writer_id, board_id, mod_date, reg_date) values (39, '고객센터 문의', '계좌 정지 문의', 5, 1, '2023-09-05 05:35:25', '2023-05-15 04:06:55');
-- insert into articles (id, title, content, writer_id, board_id, mod_date, reg_date) values (40, '고객센터 문의', '선물 파생상품 문의', 1, 1, '2024-01-28 19:22:05', '2024-03-16 21:14:17');
--
